item_id,data_type,key,options,theta,model_id,pred
29183,evaluation,1,0,3.0000000000000053,1,0.25027939677238464
29183,evaluation,1,1,3.0000000000000053,1,0.25005942583084106
29183,evaluation,1,2,3.0000000000000053,1,0.24953748285770416
29183,evaluation,1,3,3.0000000000000053,1,0.25012367963790894
20027,train,0,0,3.0000000000000053,1,0.2522397041320801
20027,train,0,1,3.0000000000000053,1,0.2500261664390564
20027,train,0,2,3.0000000000000053,1,0.24883660674095154
20027,train,0,3,3.0000000000000053,1,0.2488975077867508
26465,train,0,0,3.0000000000000053,1,0.2507372200489044
26465,train,0,1,3.0000000000000053,1,0.24819931387901306
26465,train,0,2,3.0000000000000053,1,0.25070926547050476
26465,train,0,3,3.0000000000000053,1,0.25035426020622253
29179,train,2,0,3.0000000000000053,1,0.250255823135376
29179,train,2,1,3.0000000000000053,1,0.25017049908638
29179,train,2,2,3.0000000000000053,1,0.25011545419692993
29179,train,2,3,3.0000000000000053,1,0.2494582086801529
22797,train,3,0,3.0000000000000053,1,0.24998591840267181
22797,train,3,1,3.0000000000000053,1,0.2510859966278076
22797,train,3,2,3.0000000000000053,1,0.24564561247825623
22797,train,3,3,3.0000000000000053,1,0.2532825171947479
29183,evaluation,1,0,2.9000000000000057,2,0.25030893087387085
29183,evaluation,1,1,2.9000000000000057,2,0.2500602900981903
29183,evaluation,1,2,2.9000000000000057,2,0.24950063228607178
29183,evaluation,1,3,2.9000000000000057,2,0.2501301169395447
20027,train,0,0,2.9000000000000057,2,0.2525017559528351
20027,train,0,1,2.9000000000000057,2,0.24992689490318298
20027,train,0,2,2.9000000000000057,2,0.248745396733284
20027,train,0,3,2.9000000000000057,2,0.24882596731185913
26465,train,0,0,2.9000000000000057,2,0.2508085072040558
26465,train,0,1,2.9000000000000057,2,0.24800188839435577
26465,train,0,2,2.9000000000000057,2,0.25076597929000854
26465,train,0,3,2.9000000000000057,2,0.2504236102104187
29179,train,2,0,2.9000000000000057,2,0.2502302825450897
29179,train,2,1,2.9000000000000057,2,0.250220388174057
29179,train,2,2,2.9000000000000057,2,0.2501089572906494
29179,train,2,3,2.9000000000000057,2,0.24944038689136505
22797,train,3,0,2.9000000000000057,2,0.24963527917861938
22797,train,3,1,2.9000000000000057,2,0.2514614760875702
22797,train,3,2,2.9000000000000057,2,0.24484042823314667
22797,train,3,3,2.9000000000000057,2,0.25406280159950256
29183,evaluation,1,0,2.800000000000005,3,0.25030747056007385
29183,evaluation,1,1,2.800000000000005,3,0.2500534951686859
29183,evaluation,1,2,2.800000000000005,3,0.2494976967573166
29183,evaluation,1,3,2.800000000000005,3,0.25014135241508484
20027,train,0,0,2.800000000000005,3,0.2527625560760498
20027,train,0,1,2.800000000000005,3,0.24986417591571808
20027,train,0,2,2.800000000000005,3,0.2485932558774948
20027,train,0,3,2.800000000000005,3,0.2487800121307373
26465,train,0,0,2.800000000000005,3,0.250876784324646
26465,train,0,1,2.800000000000005,3,0.24775166809558868
26465,train,0,2,2.800000000000005,3,0.25088921189308167
26465,train,0,3,2.800000000000005,3,0.25048235058784485
29179,train,2,0,2.800000000000005,3,0.2502574324607849
29179,train,2,1,2.800000000000005,3,0.25022944808006287
29179,train,2,2,2.800000000000005,3,0.250103235244751
29179,train,2,3,2.800000000000005,3,0.24940991401672363
22797,train,3,0,2.800000000000005,3,0.24935483932495117
22797,train,3,1,2.800000000000005,3,0.2518606185913086
22797,train,3,2,2.800000000000005,3,0.24396811425685883
22797,train,3,3,2.800000000000005,3,0.254816472530365
29183,evaluation,1,0,2.7000000000000046,4,0.25031307339668274
29183,evaluation,1,1,2.7000000000000046,4,0.25007960200309753
29183,evaluation,1,2,2.7000000000000046,4,0.24950191378593445
29183,evaluation,1,3,2.7000000000000046,4,0.25010544061660767
20027,train,0,0,2.7000000000000046,4,0.25298482179641724
20027,train,0,1,2.7000000000000046,4,0.24985501170158386
20027,train,0,2,2.7000000000000046,4,0.24843262135982513
20027,train,0,3,2.7000000000000046,4,0.24872754514217377
26465,train,0,0,2.7000000000000046,4,0.2509777843952179
26465,train,0,1,2.7000000000000046,4,0.24745655059814453
26465,train,0,2,2.7000000000000046,4,0.2509765923023224
26465,train,0,3,2.7000000000000046,4,0.2505890727043152
29179,train,2,0,2.7000000000000046,4,0.25025472044944763
29179,train,2,1,2.7000000000000046,4,0.2502380311489105
29179,train,2,2,2.7000000000000046,4,0.2501259446144104
29179,train,2,3,2.7000000000000046,4,0.24938131868839264
22797,train,3,0,2.7000000000000046,4,0.24914301931858063
22797,train,3,1,2.7000000000000046,4,0.2522074282169342
22797,train,3,2,2.7000000000000046,4,0.24312929809093475
22797,train,3,3,2.7000000000000046,4,0.2555202841758728
29183,evaluation,1,0,2.600000000000005,5,0.25029173493385315
29183,evaluation,1,1,2.600000000000005,5,0.2501105070114136
29183,evaluation,1,2,2.600000000000005,5,0.24946972727775574
29183,evaluation,1,3,2.600000000000005,5,0.25012803077697754
20027,train,0,0,2.600000000000005,5,0.2532437741756439
20027,train,0,1,2.600000000000005,5,0.24976472556591034
20027,train,0,2,2.600000000000005,5,0.2483118772506714
20027,train,0,3,2.600000000000005,5,0.24867962300777435
26465,train,0,0,2.600000000000005,5,0.2510486841201782
26465,train,0,1,2.600000000000005,5,0.24718627333641052
26465,train,0,2,2.600000000000005,5,0.2510855495929718
26465,train,0,3,2.600000000000005,5,0.25067949295043945
29179,train,2,0,2.600000000000005,5,0.25026506185531616
29179,train,2,1,2.600000000000005,5,0.25023338198661804
29179,train,2,2,2.600000000000005,5,0.2501674294471741
29179,train,2,3,2.600000000000005,5,0.2493341714143753
22797,train,3,0,2.600000000000005,5,0.2489207237958908
22797,train,3,1,2.600000000000005,5,0.25257888436317444
22797,train,3,2,2.600000000000005,5,0.24222402274608612
22797,train,3,3,2.600000000000005,5,0.25627633929252625
29183,evaluation,1,0,2.5000000000000053,6,0.2502921223640442
29183,evaluation,1,1,2.5000000000000053,6,0.2501421272754669
29183,evaluation,1,2,2.5000000000000053,6,0.2494874894618988
29183,evaluation,1,3,2.5000000000000053,6,0.2500782907009125
20027,train,0,0,2.5000000000000053,6,0.2534657418727875
20027,train,0,1,2.5000000000000053,6,0.249764546751976
20027,train,0,2,2.5000000000000053,6,0.2481239289045334
20027,train,0,3,2.5000000000000053,6,0.24864573776721954
26465,train,0,0,2.5000000000000053,6,0.25117960572242737
26465,train,0,1,2.5000000000000053,6,0.24689659476280212
26465,train,0,2,2.5000000000000053,6,0.251165509223938
26465,train,0,3,2.5000000000000053,6,0.2507583200931549
29179,train,2,0,2.5000000000000053,6,0.25026848912239075
29179,train,2,1,2.5000000000000053,6,0.25025662779808044
29179,train,2,2,2.5000000000000053,6,0.25016170740127563
29179,train,2,3,2.5000000000000053,6,0.2493131458759308
22797,train,3,0,2.5000000000000053,6,0.24866706132888794
22797,train,3,1,2.5000000000000053,6,0.2530263364315033
22797,train,3,2,2.5000000000000053,6,0.2410845160484314
22797,train,3,3,2.5000000000000053,6,0.25722211599349976
29183,evaluation,1,0,2.400000000000005,7,0.25033944845199585
29183,evaluation,1,1,2.400000000000005,7,0.2501152753829956
29183,evaluation,1,2,2.400000000000005,7,0.2494698464870453
29183,evaluation,1,3,2.400000000000005,7,0.25007545948028564
20027,train,0,0,2.400000000000005,7,0.2536250352859497
20027,train,0,1,2.400000000000005,7,0.2497245967388153
20027,train,0,2,2.400000000000005,7,0.24798648059368134
20027,train,0,3,2.400000000000005,7,0.24866387248039246
26465,train,0,0,2.400000000000005,7,0.25123682618141174
26465,train,0,1,2.400000000000005,7,0.2466454952955246
26465,train,0,2,2.400000000000005,7,0.25121942162513733
26465,train,0,3,2.400000000000005,7,0.2508982717990875
29179,train,2,0,2.400000000000005,7,0.2502872347831726
29179,train,2,1,2.400000000000005,7,0.250220388174057
29179,train,2,2,2.400000000000005,7,0.2501972019672394
29179,train,2,3,2.400000000000005,7,0.2492952197790146
22797,train,3,0,2.400000000000005,7,0.24832876026630402
22797,train,3,1,2.400000000000005,7,0.2536494731903076
22797,train,3,2,2.400000000000005,7,0.23962324857711792
22797,train,3,3,2.400000000000005,7,0.25839847326278687
29183,evaluation,1,0,2.3000000000000043,8,0.25034764409065247
29183,evaluation,1,1,2.3000000000000043,8,0.25011447072029114
29183,evaluation,1,2,2.3000000000000043,8,0.24947568774223328
29183,evaluation,1,3,2.3000000000000043,8,0.2500622272491455
20027,train,0,0,2.3000000000000043,8,0.2538295388221741
20027,train,0,1,2.3000000000000043,8,0.2497020661830902
20027,train,0,2,2.3000000000000043,8,0.24778570234775543
20027,train,0,3,2.3000000000000043,8,0.24868272244930267
26465,train,0,0,2.3000000000000043,8,0.25136470794677734
26465,train,0,1,2.3000000000000043,8,0.2462914139032364
26465,train,0,2,2.3000000000000043,8,0.2513217628002167
26465,train,0,3,2.3000000000000043,8,0.2510221302509308
29179,train,2,0,2.3000000000000043,8,0.25028762221336365
29179,train,2,1,2.3000000000000043,8,0.25021353363990784
29179,train,2,2,2.3000000000000043,8,0.2502361536026001
29179,train,2,3,2.3000000000000043,8,0.2492627203464508
22797,train,3,0,2.3000000000000043,8,0.2478778064250946
22797,train,3,1,2.3000000000000043,8,0.25456660985946655
22797,train,3,2,2.3000000000000043,8,0.23768100142478943
22797,train,3,3,2.3000000000000043,8,0.259874552488327
29183,evaluation,1,0,2.2000000000000046,9,0.2503514289855957
29183,evaluation,1,1,2.2000000000000046,9,0.250127911567688
29183,evaluation,1,2,2.2000000000000046,9,0.24945595860481262
29183,evaluation,1,3,2.2000000000000046,9,0.2500647306442261
20027,train,0,0,2.2000000000000046,9,0.25403404235839844
20027,train,0,1,2.2000000000000046,9,0.24964000284671783
20027,train,0,2,2.2000000000000046,9,0.24762870371341705
20027,train,0,3,2.2000000000000046,9,0.24869728088378906
26465,train,0,0,2.2000000000000046,9,0.2515007257461548
26465,train,0,1,2.2000000000000046,9,0.2459709495306015
26465,train,0,2,2.2000000000000046,9,0.2513783872127533
26465,train,0,3,2.2000000000000046,9,0.2511500120162964
29179,train,2,0,2.2000000000000046,9,0.25029900670051575
29179,train,2,1,2.2000000000000046,9,0.2502385973930359
29179,train,2,2,2.2000000000000046,9,0.25026318430900574
29179,train,2,3,2.2000000000000046,9,0.24919922649860382
22797,train,3,0,2.2000000000000046,9,0.247395858168602
22797,train,3,1,2.2000000000000046,9,0.25554701685905457
22797,train,3,2,2.2000000000000046,9,0.23525600135326385
22797,train,3,3,2.2000000000000046,9,0.261801153421402
29183,evaluation,1,0,2.100000000000005,10,0.25033244490623474
29183,evaluation,1,1,2.100000000000005,10,0.2501705288887024
29183,evaluation,1,2,2.100000000000005,10,0.24941350519657135
29183,evaluation,1,3,2.100000000000005,10,0.2500835061073303
20027,train,0,0,2.100000000000005,10,0.25419384241104126
20027,train,0,1,2.100000000000005,10,0.24962417781352997
20027,train,0,2,2.100000000000005,10,0.2474370002746582
20027,train,0,3,2.100000000000005,10,0.24874497950077057
26465,train,0,0,2.100000000000005,10,0.2515980899333954
26465,train,0,1,2.100000000000005,10,0.24556772410869598
26465,train,0,2,2.100000000000005,10,0.25148844718933105
26465,train,0,3,2.100000000000005,10,0.2513457238674164
29179,train,2,0,2.100000000000005,10,0.25032171607017517
29179,train,2,1,2.100000000000005,10,0.250245600938797
29179,train,2,2,2.100000000000005,10,0.2502356171607971
29179,train,2,3,2.100000000000005,10,0.2491970658302307
22797,train,3,0,2.100000000000005,10,0.24667267501354218
22797,train,3,1,2.100000000000005,10,0.25680017471313477
22797,train,3,2,2.100000000000005,10,0.23236778378486633
22797,train,3,3,2.100000000000005,10,0.2641593813896179
29183,evaluation,1,0,2.0000000000000044,11,0.2503378689289093
29183,evaluation,1,1,2.0000000000000044,11,0.25018250942230225
29183,evaluation,1,2,2.0000000000000044,11,0.24940125644207
29183,evaluation,1,3,2.0000000000000044,11,0.25007838010787964
20027,train,0,0,2.0000000000000044,11,0.25435829162597656
20027,train,0,1,2.0000000000000044,11,0.24960638582706451
20027,train,0,2,2.0000000000000044,11,0.24726197123527527
20027,train,0,3,2.0000000000000044,11,0.24877330660820007
26465,train,0,0,2.0000000000000044,11,0.251745343208313
26465,train,0,1,2.0000000000000044,11,0.24512337148189545
26465,train,0,2,2.0000000000000044,11,0.2515925168991089
26465,train,0,3,2.0000000000000044,11,0.2515387535095215
29179,train,2,0,2.0000000000000044,11,0.25030776858329773
29179,train,2,1,2.0000000000000044,11,0.2502800226211548
29179,train,2,2,2.0000000000000044,11,0.25026968121528625
29179,train,2,3,2.0000000000000044,11,0.24914252758026123
22797,train,3,0,2.0000000000000044,11,0.24559873342514038
22797,train,3,1,2.0000000000000044,11,0.2581929564476013
22797,train,3,2,2.0000000000000044,11,0.22900846600532532
22797,train,3,3,2.0000000000000044,11,0.2671998143196106
29183,evaluation,1,0,1.900000000000004,12,0.2503509521484375
29183,evaluation,1,1,1.900000000000004,12,0.2501782476902008
29183,evaluation,1,2,1.900000000000004,12,0.24937725067138672
29183,evaluation,1,3,1.900000000000004,12,0.25009357929229736
20027,train,0,0,1.900000000000004,12,0.25457167625427246
20027,train,0,1,1.900000000000004,12,0.2495584487915039
20027,train,0,2,1.900000000000004,12,0.2470475286245346
20027,train,0,3,1.900000000000004,12,0.24882236123085022
26465,train,0,0,1.900000000000004,12,0.2518807351589203
26465,train,0,1,1.900000000000004,12,0.24467644095420837
26465,train,0,2,1.900000000000004,12,0.2517227530479431
26465,train,0,3,1.900000000000004,12,0.25172004103660583
29179,train,2,0,1.900000000000004,12,0.25036364793777466
29179,train,2,1,1.900000000000004,12,0.2502974271774292
29179,train,2,2,1.900000000000004,12,0.2502688765525818
29179,train,2,3,1.900000000000004,12,0.24907004833221436
22797,train,3,0,1.900000000000004,12,0.24446077644824982
22797,train,3,1,1.900000000000004,12,0.25971710681915283
22797,train,3,2,1.900000000000004,12,0.22518682479858398
22797,train,3,3,1.900000000000004,12,0.2706352770328522
29183,evaluation,1,0,1.8000000000000043,13,0.25035902857780457
29183,evaluation,1,1,1.8000000000000043,13,0.25019320845603943
29183,evaluation,1,2,1.8000000000000043,13,0.24938173592090607
29183,evaluation,1,3,1.8000000000000043,13,0.25006598234176636
20027,train,0,0,1.8000000000000043,13,0.2548062205314636
20027,train,0,1,1.8000000000000043,13,0.2495221048593521
20027,train,0,2,1.8000000000000043,13,0.24680635333061218
20027,train,0,3,1.8000000000000043,13,0.24886532127857208
26465,train,0,0,1.8000000000000043,13,0.2520846426486969
26465,train,0,1,1.8000000000000043,13,0.2441321164369583
26465,train,0,2,1.8000000000000043,13,0.2518554627895355
26465,train,0,3,1.8000000000000043,13,0.25192779302597046
29179,train,2,0,1.8000000000000043,13,0.25033625960350037
29179,train,2,1,1.8000000000000043,13,0.2502869963645935
29179,train,2,2,1.8000000000000043,13,0.2503097653388977
29179,train,2,3,1.8000000000000043,13,0.2490670084953308
22797,train,3,0,1.8000000000000043,13,0.2432333379983902
22797,train,3,1,1.8000000000000043,13,0.26133593916893005
22797,train,3,2,1.8000000000000043,13,0.2217564582824707
22797,train,3,3,1.8000000000000043,13,0.27367424964904785
29183,evaluation,1,0,1.7000000000000046,14,0.2503828704357147
29183,evaluation,1,1,1.7000000000000046,14,0.2501988708972931
29183,evaluation,1,2,1.7000000000000046,14,0.24934175610542297
29183,evaluation,1,3,1.7000000000000046,14,0.2500765025615692
20027,train,0,0,1.7000000000000046,14,0.2550320029258728
20027,train,0,1,1.7000000000000046,14,0.2494766116142273
20027,train,0,2,1.7000000000000046,14,0.246559277176857
20027,train,0,3,1.7000000000000046,14,0.2489321380853653
26465,train,0,0,1.7000000000000046,14,0.2522420287132263
26465,train,0,1,1.7000000000000046,14,0.24361634254455566
26465,train,0,2,1.7000000000000046,14,0.25200071930885315
26465,train,0,3,1.7000000000000046,14,0.25214090943336487
29179,train,2,0,1.7000000000000046,14,0.25037461519241333
29179,train,2,1,1.7000000000000046,14,0.2503029406070709
29179,train,2,2,1.7000000000000046,14,0.25035539269447327
29179,train,2,3,1.7000000000000046,14,0.24896706640720367
22797,train,3,0,1.7000000000000046,14,0.24152685701847076
22797,train,3,1,1.7000000000000046,14,0.2631165683269501
22797,train,3,2,1.7000000000000046,14,0.21700851619243622
22797,train,3,3,1.7000000000000046,14,0.27834802865982056
29183,evaluation,1,0,1.600000000000004,15,0.2503320574760437
29183,evaluation,1,1,1.600000000000004,15,0.2502613067626953
29183,evaluation,1,2,1.600000000000004,15,0.2493675947189331
29183,evaluation,1,3,1.600000000000004,15,0.2500390410423279
20027,train,0,0,1.600000000000004,15,0.2552597224712372
20027,train,0,1,1.600000000000004,15,0.24945709109306335
20027,train,0,2,1.600000000000004,15,0.24625657498836517
20027,train,0,3,1.600000000000004,15,0.2490265965461731
26465,train,0,0,1.600000000000004,15,0.25244420766830444
26465,train,0,1,1.600000000000004,15,0.24301129579544067
26465,train,0,2,1.600000000000004,15,0.2521571218967438
26465,train,0,3,1.600000000000004,15,0.2523874342441559
29179,train,2,0,1.600000000000004,15,0.2503741383552551
29179,train,2,1,1.600000000000004,15,0.25030791759490967
29179,train,2,2,1.600000000000004,15,0.2503715455532074
29179,train,2,3,1.600000000000004,15,0.2489463984966278
22797,train,3,0,1.600000000000004,15,0.2403247058391571
22797,train,3,1,1.600000000000004,15,0.26491114497184753
22797,train,3,2,1.600000000000004,15,0.21167634427547455
22797,train,3,3,1.600000000000004,15,0.2830877900123596
29183,evaluation,1,0,1.5000000000000036,16,0.2503325045108795
29183,evaluation,1,1,1.5000000000000036,16,0.2502692937850952
29183,evaluation,1,2,1.5000000000000036,16,0.24934391677379608
29183,evaluation,1,3,1.5000000000000036,16,0.2500542998313904
20027,train,0,0,1.5000000000000036,16,0.25552472472190857
20027,train,0,1,1.5000000000000036,16,0.24941779673099518
20027,train,0,2,1.5000000000000036,16,0.24597790837287903
20027,train,0,3,1.5000000000000036,16,0.24907954037189484
26465,train,0,0,1.5000000000000036,16,0.2526018023490906
26465,train,0,1,1.5000000000000036,16,0.24241702258586884
26465,train,0,2,1.5000000000000036,16,0.2523442208766937
26465,train,0,3,1.5000000000000036,16,0.25263696908950806
29179,train,2,0,1.5000000000000036,16,0.25035789608955383
29179,train,2,1,1.5000000000000036,16,0.2503235638141632
29179,train,2,2,1.5000000000000036,16,0.2504381835460663
29179,train,2,3,1.5000000000000036,16,0.24888038635253906
22797,train,3,0,1.5000000000000036,16,0.23864807188510895
22797,train,3,1,1.5000000000000036,16,0.2657899856567383
22797,train,3,2,1.5000000000000036,16,0.20670880377292633
22797,train,3,3,1.5000000000000036,16,0.28885316848754883
29183,evaluation,1,0,1.400000000000004,17,0.2503616511821747
29183,evaluation,1,1,1.400000000000004,17,0.25026899576187134
29183,evaluation,1,2,1.400000000000004,17,0.24932774901390076
29183,evaluation,1,3,1.400000000000004,17,0.25004157423973083
20027,train,0,0,1.400000000000004,17,0.2557774782180786
20027,train,0,1,1.400000000000004,17,0.24940156936645508
20027,train,0,2,1.400000000000004,17,0.24563714861869812
20027,train,0,3,1.400000000000004,17,0.2491837739944458
26465,train,0,0,1.400000000000004,17,0.25277677178382874
26465,train,0,1,1.400000000000004,17,0.24182240664958954
26465,train,0,2,1.400000000000004,17,0.2525682747364044
26465,train,0,3,1.400000000000004,17,0.2528325617313385
29179,train,2,0,1.400000000000004,17,0.2503701448440552
29179,train,2,1,1.400000000000004,17,0.25034019351005554
29179,train,2,2,1.400000000000004,17,0.2504596710205078
29179,train,2,3,1.400000000000004,17,0.24882999062538147
22797,train,3,0,1.400000000000004,17,0.23808296024799347
22797,train,3,1,1.400000000000004,17,0.26845842599868774
22797,train,3,2,1.400000000000004,17,0.20135939121246338
22797,train,3,3,1.400000000000004,17,0.2920992076396942
29183,evaluation,1,0,1.3000000000000043,18,0.25032851099967957
29183,evaluation,1,1,1.3000000000000043,18,0.2503295838832855
29183,evaluation,1,2,1.3000000000000043,18,0.24930690228939056
29183,evaluation,1,3,1.3000000000000043,18,0.25003501772880554
20027,train,0,0,1.3000000000000043,18,0.25601041316986084
20027,train,0,1,1.3000000000000043,18,0.24939939379692078
20027,train,0,2,1.3000000000000043,18,0.24536959826946259
20027,train,0,3,1.3000000000000043,18,0.24922062456607819
26465,train,0,0,1.3000000000000043,18,0.2529881000518799
26465,train,0,1,1.3000000000000043,18,0.2410697489976883
26465,train,0,2,1.3000000000000043,18,0.2528430223464966
26465,train,0,3,1.3000000000000043,18,0.25309914350509644
29179,train,2,0,1.3000000000000043,18,0.2504277527332306
29179,train,2,1,1.3000000000000043,18,0.2503216862678528
29179,train,2,2,1.3000000000000043,18,0.2504854202270508
29179,train,2,3,1.3000000000000043,18,0.24876511096954346
22797,train,3,0,1.3000000000000043,18,0.23367087543010712
22797,train,3,1,1.3000000000000043,18,0.27044960856437683
22797,train,3,2,1.3000000000000043,18,0.1971449851989746
22797,train,3,3,1.3000000000000043,18,0.29873451590538025
29183,evaluation,1,0,1.2000000000000037,19,0.2503645122051239
29183,evaluation,1,1,1.2000000000000037,19,0.25033026933670044
29183,evaluation,1,2,1.2000000000000037,19,0.24929754436016083
29183,evaluation,1,3,1.2000000000000037,19,0.250007688999176
20027,train,0,0,1.2000000000000037,19,0.25627973675727844
20027,train,0,1,1.2000000000000037,19,0.2494075447320938
20027,train,0,2,1.2000000000000037,19,0.24504847824573517
20027,train,0,3,1.2000000000000037,19,0.24926425516605377
26465,train,0,0,1.2000000000000037,19,0.25319331884384155
26465,train,0,1,1.2000000000000037,19,0.24033881723880768
26465,train,0,2,1.2000000000000037,19,0.25315406918525696
26465,train,0,3,1.2000000000000037,19,0.253313809633255
29179,train,2,0,1.2000000000000037,19,0.2504347860813141
29179,train,2,1,1.2000000000000037,19,0.2503332197666168
29179,train,2,2,1.2000000000000037,19,0.2505279779434204
29179,train,2,3,1.2000000000000037,19,0.2487040013074875
22797,train,3,0,1.2000000000000037,19,0.2339296042919159
22797,train,3,1,1.2000000000000037,19,0.2744517922401428
22797,train,3,2,1.2000000000000037,19,0.19164715707302094
22797,train,3,3,1.2000000000000037,19,0.29997143149375916
29183,evaluation,1,0,1.1000000000000032,20,0.250338077545166
29183,evaluation,1,1,1.1000000000000032,20,0.25036877393722534
29183,evaluation,1,2,1.1000000000000032,20,0.2492745816707611
29183,evaluation,1,3,1.1000000000000032,20,0.25001856684684753
20027,train,0,0,1.1000000000000032,20,0.25653788447380066
20027,train,0,1,1.1000000000000032,20,0.24946720898151398
20027,train,0,2,1.1000000000000032,20,0.24479958415031433
20027,train,0,3,1.1000000000000032,20,0.24919536709785461
26465,train,0,0,1.1000000000000032,20,0.2534410357475281
26465,train,0,1,1.1000000000000032,20,0.23947152495384216
26465,train,0,2,1.1000000000000032,20,0.25345131754875183
26465,train,0,3,1.1000000000000032,20,0.25363609194755554
29179,train,2,0,1.1000000000000032,20,0.25045061111450195
29179,train,2,1,1.1000000000000032,20,0.25032880902290344
29179,train,2,2,1.1000000000000032,20,0.2505824565887451
29179,train,2,3,1.1000000000000032,20,0.2486380785703659
22797,train,3,0,1.1000000000000032,20,0.22794802486896515
22797,train,3,1,1.1000000000000032,20,0.2778055667877197
22797,train,3,2,1.1000000000000032,20,0.1875077784061432
22797,train,3,3,1.1000000000000032,20,0.3067386746406555
29183,evaluation,1,0,1.0000000000000036,21,0.25032952427864075
29183,evaluation,1,1,1.0000000000000036,21,0.2503907084465027
29183,evaluation,1,2,1.0000000000000036,21,0.2492785006761551
29183,evaluation,1,3,1.0000000000000036,21,0.25000128149986267
20027,train,0,0,1.0000000000000036,21,0.2566540241241455
20027,train,0,1,1.0000000000000036,21,0.24944645166397095
20027,train,0,2,1.0000000000000036,21,0.24465781450271606
20027,train,0,3,1.0000000000000036,21,0.24924172461032867
26465,train,0,0,1.0000000000000036,21,0.2537117004394531
26465,train,0,1,1.0000000000000036,21,0.23854206502437592
26465,train,0,2,1.0000000000000036,21,0.2538031041622162
26465,train,0,3,1.0000000000000036,21,0.25394314527511597
29179,train,2,0,1.0000000000000036,21,0.25046125054359436
29179,train,2,1,1.0000000000000036,21,0.2503107190132141
29179,train,2,2,1.0000000000000036,21,0.2506158649921417
29179,train,2,3,1.0000000000000036,21,0.248612180352211
22797,train,3,0,1.0000000000000036,21,0.23012080788612366
22797,train,3,1,1.0000000000000036,21,0.28070390224456787
22797,train,3,2,1.0000000000000036,21,0.182130366563797
22797,train,3,3,1.0000000000000036,21,0.30704495310783386
29183,evaluation,1,0,0.9000000000000035,22,0.25034549832344055
29183,evaluation,1,1,0.9000000000000035,22,0.25036951899528503
29183,evaluation,1,2,0.9000000000000035,22,0.24931791424751282
29183,evaluation,1,3,0.9000000000000035,22,0.2499670386314392
20027,train,0,0,0.9000000000000035,22,0.2567489445209503
20027,train,0,1,0.9000000000000035,22,0.24944457411766052
20027,train,0,2,0.9000000000000035,22,0.24461328983306885
20027,train,0,3,0.9000000000000035,22,0.2491931915283203
26465,train,0,0,0.9000000000000035,22,0.254101425409317
26465,train,0,1,0.9000000000000035,22,0.23723910748958588
26465,train,0,2,0.9000000000000035,22,0.25432759523391724
26465,train,0,3,0.9000000000000035,22,0.2543318569660187
29179,train,2,0,0.9000000000000035,22,0.2504885196685791
29179,train,2,1,0.9000000000000035,22,0.25033053755760193
29179,train,2,2,0.9000000000000035,22,0.2506498396396637
29179,train,2,3,0.9000000000000035,22,0.24853110313415527
22797,train,3,0,0.9000000000000035,22,0.22920095920562744
22797,train,3,1,0.9000000000000035,22,0.28368446230888367
22797,train,3,2,0.9000000000000035,22,0.17748892307281494
22797,train,3,3,0.9000000000000035,22,0.30962568521499634
29183,evaluation,1,0,0.8000000000000034,23,0.25034427642822266
29183,evaluation,1,1,0.8000000000000034,23,0.25039395689964294
29183,evaluation,1,2,0.8000000000000034,23,0.24932435154914856
29183,evaluation,1,3,0.8000000000000034,23,0.24993737041950226
20027,train,0,0,0.8000000000000034,23,0.2567431628704071
20027,train,0,1,0.8000000000000034,23,0.24948042631149292
20027,train,0,2,0.8000000000000034,23,0.24464352428913116
20027,train,0,3,0.8000000000000034,23,0.2491328865289688
26465,train,0,0,0.8000000000000034,23,0.25467532873153687
26465,train,0,1,0.8000000000000034,23,0.2354864627122879
26465,train,0,2,0.8000000000000034,23,0.2549339830875397
26465,train,0,3,0.8000000000000034,23,0.25490421056747437
29179,train,2,0,0.8000000000000034,23,0.25050249695777893
29179,train,2,1,0.8000000000000034,23,0.2503375709056854
29179,train,2,2,0.8000000000000034,23,0.2506563067436218
29179,train,2,3,0.8000000000000034,23,0.248503640294075
22797,train,3,0,0.8000000000000034,23,0.2323959916830063
22797,train,3,1,0.8000000000000034,23,0.2855015695095062
22797,train,3,2,0.8000000000000034,23,0.17356696724891663
22797,train,3,3,0.8000000000000034,23,0.30853545665740967
29183,evaluation,1,0,0.7000000000000033,24,0.25036996603012085
29183,evaluation,1,1,0.7000000000000033,24,0.2504134178161621
29183,evaluation,1,2,0.7000000000000033,24,0.24929766356945038
29183,evaluation,1,3,0.7000000000000033,24,0.24991892278194427
20027,train,0,0,0.7000000000000033,24,0.2566264569759369
20027,train,0,1,0.7000000000000033,24,0.24952088296413422
20027,train,0,2,0.7000000000000033,24,0.24474768340587616
20027,train,0,3,0.7000000000000033,24,0.24910494685173035
26465,train,0,0,0.7000000000000033,24,0.2553715705871582
26465,train,0,1,0.7000000000000033,24,0.23351918160915375
26465,train,0,2,0.7000000000000033,24,0.2556447386741638
26465,train,0,3,0.7000000000000033,24,0.2554645240306854
29179,train,2,0,0.7000000000000033,24,0.2504960000514984
29179,train,2,1,0.7000000000000033,24,0.2503575086593628
29179,train,2,2,0.7000000000000033,24,0.2507239878177643
29179,train,2,3,0.7000000000000033,24,0.24842247366905212
22797,train,3,0,0.7000000000000033,24,0.23219014704227448
22797,train,3,1,0.7000000000000033,24,0.28771793842315674
22797,train,3,2,0.7000000000000033,24,0.16990208625793457
22797,train,3,3,0.7000000000000033,24,0.3101898431777954
29183,evaluation,1,0,0.6000000000000032,25,0.250352680683136
29183,evaluation,1,1,0.6000000000000032,25,0.2504134178161621
29183,evaluation,1,2,0.6000000000000032,25,0.2493245005607605
29183,evaluation,1,3,0.6000000000000032,25,0.2499094009399414
20027,train,0,0,0.6000000000000032,25,0.2564743459224701
20027,train,0,1,0.6000000000000032,25,0.24964287877082825
20027,train,0,2,0.6000000000000032,25,0.2448524534702301
20027,train,0,3,0.6000000000000032,25,0.24903032183647156
26465,train,0,0,0.6000000000000032,25,0.25602757930755615
26465,train,0,1,0.6000000000000032,25,0.23174206912517548
26465,train,0,2,0.6000000000000032,25,0.2562629282474518
26465,train,0,3,0.6000000000000032,25,0.2559674382209778
29179,train,2,0,0.6000000000000032,25,0.25050097703933716
29179,train,2,1,0.6000000000000032,25,0.25033989548683167
29179,train,2,2,0.6000000000000032,25,0.25077083706855774
29179,train,2,3,0.6000000000000032,25,0.24838832020759583
22797,train,3,0,0.6000000000000032,25,0.2363278567790985
22797,train,3,1,0.6000000000000032,25,0.28827741742134094
22797,train,3,2,0.6000000000000032,25,0.1672591120004654
22797,train,3,3,0.6000000000000032,25,0.30813562870025635
29183,evaluation,1,0,0.5000000000000031,26,0.2503403425216675
29183,evaluation,1,1,0.5000000000000031,26,0.25042855739593506
29183,evaluation,1,2,0.5000000000000031,26,0.24930714070796967
29183,evaluation,1,3,0.5000000000000031,26,0.24992400407791138
20027,train,0,0,0.5000000000000031,26,0.2562403678894043
20027,train,0,1,0.5000000000000031,26,0.2497231662273407
20027,train,0,2,0.5000000000000031,26,0.245070680975914
20027,train,0,3,0.5000000000000031,26,0.248965784907341
26465,train,0,0,0.5000000000000031,26,0.2567111551761627
26465,train,0,1,0.5000000000000031,26,0.22996863722801208
26465,train,0,2,0.5000000000000031,26,0.25687429308891296
26465,train,0,3,0.5000000000000031,26,0.25644588470458984
29179,train,2,0,0.5000000000000031,26,0.2505112290382385
29179,train,2,1,0.5000000000000031,26,0.25034183263778687
29179,train,2,2,0.5000000000000031,26,0.250806987285614
29179,train,2,3,0.5000000000000031,26,0.24833998084068298
22797,train,3,0,0.5000000000000031,26,0.23983551561832428
22797,train,3,1,0.5000000000000031,26,0.28811660408973694
22797,train,3,2,0.5000000000000031,26,0.1657174974679947
22797,train,3,3,0.5000000000000031,26,0.3063304126262665
29183,evaluation,1,0,0.400000000000003,27,0.25037288665771484
29183,evaluation,1,1,0.400000000000003,27,0.25041839480400085
29183,evaluation,1,2,0.400000000000003,27,0.24929165840148926
29183,evaluation,1,3,0.400000000000003,27,0.24991706013679504
20027,train,0,0,0.400000000000003,27,0.25599586963653564
20027,train,0,1,0.400000000000003,27,0.24977707862854004
20027,train,0,2,0.400000000000003,27,0.24530655145645142
20027,train,0,3,0.400000000000003,27,0.2489205002784729
26465,train,0,0,0.400000000000003,27,0.2574177086353302
26465,train,0,1,0.400000000000003,27,0.22806420922279358
26465,train,0,2,0.400000000000003,27,0.2575225234031677
26465,train,0,3,0.400000000000003,27,0.2569955587387085
29179,train,2,0,0.400000000000003,27,0.2505357265472412
29179,train,2,1,0.400000000000003,27,0.2503354549407959
29179,train,2,2,0.400000000000003,27,0.25080400705337524
29179,train,2,3,0.400000000000003,27,0.24832479655742645
22797,train,3,0,0.400000000000003,27,0.24250492453575134
22797,train,3,1,0.400000000000003,27,0.2877824008464813
22797,train,3,2,0.400000000000003,27,0.16518251597881317
22797,train,3,3,0.400000000000003,27,0.30453020334243774
29183,evaluation,1,0,0.30000000000000293,28,0.2503790259361267
29183,evaluation,1,1,0.30000000000000293,28,0.2504657208919525
29183,evaluation,1,2,0.30000000000000293,28,0.24927052855491638
29183,evaluation,1,3,0.30000000000000293,28,0.24988466501235962
20027,train,0,0,0.30000000000000293,28,0.25567466020584106
20027,train,0,1,0.30000000000000293,28,0.2498701810836792
20027,train,0,2,0.30000000000000293,28,0.24554669857025146
20027,train,0,3,0.30000000000000293,28,0.24890850484371185
26465,train,0,0,0.30000000000000293,28,0.2581467628479004
26465,train,0,1,0.30000000000000293,28,0.22622069716453552
26465,train,0,2,0.30000000000000293,28,0.25815629959106445
26465,train,0,3,0.30000000000000293,28,0.257476270198822
29179,train,2,0,0.30000000000000293,28,0.25052544474601746
29179,train,2,1,0.30000000000000293,28,0.25032153725624084
29179,train,2,2,0.30000000000000293,28,0.2508557438850403
29179,train,2,3,0.30000000000000293,28,0.24829725921154022
22797,train,3,0,0.30000000000000293,28,0.2433396428823471
22797,train,3,1,0.30000000000000293,28,0.2880460023880005
22797,train,3,2,0.30000000000000293,28,0.16469404101371765
22797,train,3,3,0.30000000000000293,28,0.30392032861709595
29183,evaluation,1,0,0.20000000000000284,29,0.25036489963531494
29183,evaluation,1,1,0.20000000000000284,29,0.25046783685684204
29183,evaluation,1,2,0.20000000000000284,29,0.2492808997631073
29183,evaluation,1,3,0.20000000000000284,29,0.24988631904125214
20027,train,0,0,0.20000000000000284,29,0.25528302788734436
20027,train,0,1,0.20000000000000284,29,0.25000980496406555
20027,train,0,2,0.20000000000000284,29,0.24585667252540588
20027,train,0,3,0.20000000000000284,29,0.2488505244255066
26465,train,0,0,0.20000000000000284,29,0.25880423188209534
26465,train,0,1,0.20000000000000284,29,0.22468015551567078
26465,train,0,2,0.20000000000000284,29,0.2586849331855774
26465,train,0,3,0.20000000000000284,29,0.2578306794166565
29179,train,2,0,0.20000000000000284,29,0.25052115321159363
29179,train,2,1,0.20000000000000284,29,0.2503820061683655
29179,train,2,2,0.20000000000000284,29,0.25083521008491516
29179,train,2,3,0.20000000000000284,29,0.24826164543628693
22797,train,3,0,0.20000000000000284,29,0.24371932446956635
22797,train,3,1,0.20000000000000284,29,0.28848952054977417
22797,train,3,2,0.20000000000000284,29,0.1643703430891037
22797,train,3,3,0.20000000000000284,29,0.3034207820892334
29183,evaluation,1,0,0.10000000000000275,30,0.25035327672958374
29183,evaluation,1,1,0.10000000000000275,30,0.2504259943962097
29183,evaluation,1,2,0.10000000000000275,30,0.2493138611316681
29183,evaluation,1,3,0.10000000000000275,30,0.24990688264369965
20027,train,0,0,0.10000000000000275,30,0.2549276351928711
20027,train,0,1,0.10000000000000275,30,0.2501335144042969
20027,train,0,2,0.10000000000000275,30,0.24613118171691895
20027,train,0,3,0.10000000000000275,30,0.24880771338939667
26465,train,0,0,0.10000000000000275,30,0.2592988610267639
26465,train,0,1,0.10000000000000275,30,0.223641499876976
26465,train,0,2,0.10000000000000275,30,0.25906068086624146
26465,train,0,3,0.10000000000000275,30,0.2579990029335022
29179,train,2,0,0.10000000000000275,30,0.2505645453929901
29179,train,2,1,0.10000000000000275,30,0.2503393590450287
29179,train,2,2,0.10000000000000275,30,0.25088196992874146
29179,train,2,3,0.10000000000000275,30,0.24821411073207855
22797,train,3,0,0.10000000000000275,30,0.24381466209888458
22797,train,3,1,0.10000000000000275,30,0.28916409611701965
22797,train,3,2,0.10000000000000275,30,0.16405580937862396
22797,train,3,3,0.10000000000000275,30,0.3029654920101166
29183,evaluation,1,0,2.6645352591003757e-15,31,0.25035563111305237
29183,evaluation,1,1,2.6645352591003757e-15,31,0.2504703402519226
29183,evaluation,1,2,2.6645352591003757e-15,31,0.24928049743175507
29183,evaluation,1,3,2.6645352591003757e-15,31,0.24989353120326996
20027,train,0,0,2.6645352591003757e-15,31,0.254528671503067
20027,train,0,1,2.6645352591003757e-15,31,0.2502879500389099
20027,train,0,2,2.6645352591003757e-15,31,0.24640776216983795
20027,train,0,3,2.6645352591003757e-15,31,0.24877560138702393
26465,train,0,0,2.6645352591003757e-15,31,0.2596037983894348
26465,train,0,1,2.6645352591003757e-15,31,0.22309544682502747
26465,train,0,2,2.6645352591003757e-15,31,0.25926560163497925
26465,train,0,3,2.6645352591003757e-15,31,0.25803515315055847
29179,train,2,0,2.6645352591003757e-15,31,0.250564843416214
29179,train,2,1,2.6645352591003757e-15,31,0.25036272406578064
29179,train,2,2,2.6645352591003757e-15,31,0.25089946389198303
29179,train,2,3,2.6645352591003757e-15,31,0.24817296862602234
22797,train,3,0,2.6645352591003757e-15,31,0.24495959281921387
22797,train,3,1,2.6645352591003757e-15,31,0.28933262825012207
22797,train,3,2,2.6645352591003757e-15,31,0.1640317738056183
22797,train,3,3,2.6645352591003757e-15,31,0.3016760051250458
29183,evaluation,1,0,-0.09999999999999742,32,0.2503606379032135
29183,evaluation,1,1,-0.09999999999999742,32,0.25045621395111084
29183,evaluation,1,2,-0.09999999999999742,32,0.24931609630584717
29183,evaluation,1,3,-0.09999999999999742,32,0.24986709654331207
20027,train,0,0,-0.09999999999999742,32,0.25415122509002686
20027,train,0,1,-0.09999999999999742,32,0.2504108250141144
20027,train,0,2,-0.09999999999999742,32,0.24668318033218384
20027,train,0,3,-0.09999999999999742,32,0.24875479936599731
26465,train,0,0,-0.09999999999999742,32,0.2598831355571747
26465,train,0,1,-0.09999999999999742,32,0.22275027632713318
26465,train,0,2,-0.09999999999999742,32,0.2593916356563568
26465,train,0,3,-0.09999999999999742,32,0.25797489285469055
29179,train,2,0,-0.09999999999999742,32,0.2505924105644226
29179,train,2,1,-0.09999999999999742,32,0.250344455242157
29179,train,2,2,-0.09999999999999742,32,0.25093722343444824
29179,train,2,3,-0.09999999999999742,32,0.24812592566013336
22797,train,3,0,-0.09999999999999742,32,0.24670805037021637
22797,train,3,1,-0.09999999999999742,32,0.2892266511917114
22797,train,3,2,-0.09999999999999742,32,0.16399751603603363
22797,train,3,3,-0.09999999999999742,32,0.3000677824020386
29183,evaluation,1,0,-0.1999999999999975,33,0.25037360191345215
29183,evaluation,1,1,-0.1999999999999975,33,0.2504523992538452
29183,evaluation,1,2,-0.1999999999999975,33,0.24930313229560852
29183,evaluation,1,3,-0.1999999999999975,33,0.2498708963394165
20027,train,0,0,-0.1999999999999975,33,0.25373584032058716
20027,train,0,1,-0.1999999999999975,33,0.25050047039985657
20027,train,0,2,-0.1999999999999975,33,0.24698717892169952
20027,train,0,3,-0.1999999999999975,33,0.24877651035785675
26465,train,0,0,-0.1999999999999975,33,0.26007142663002014
26465,train,0,1,-0.1999999999999975,33,0.22260567545890808
26465,train,0,2,-0.1999999999999975,33,0.25943610072135925
26465,train,0,3,-0.1999999999999975,33,0.25788676738739014
29179,train,2,0,-0.1999999999999975,33,0.25062066316604614
29179,train,2,1,-0.1999999999999975,33,0.2503605782985687
29179,train,2,2,-0.1999999999999975,33,0.2509485185146332
29179,train,2,3,-0.1999999999999975,33,0.24807028472423553
22797,train,3,0,-0.1999999999999975,33,0.24794405698776245
22797,train,3,1,-0.1999999999999975,33,0.2891940176486969
22797,train,3,2,-0.1999999999999975,33,0.16403569281101227
22797,train,3,3,-0.1999999999999975,33,0.2988262176513672
29183,evaluation,1,0,-0.2999999999999976,34,0.2503606975078583
29183,evaluation,1,1,-0.2999999999999976,34,0.2504346966743469
29183,evaluation,1,2,-0.2999999999999976,34,0.2493281364440918
29183,evaluation,1,3,-0.2999999999999976,34,0.249876469373703
20027,train,0,0,-0.2999999999999976,34,0.25329041481018066
20027,train,0,1,-0.2999999999999976,34,0.25066128373146057
20027,train,0,2,-0.2999999999999976,34,0.247304305434227
20027,train,0,3,-0.2999999999999976,34,0.24874399602413177
26465,train,0,0,-0.2999999999999976,34,0.26023364067077637
26465,train,0,1,-0.2999999999999976,34,0.22256684303283691
26465,train,0,2,-0.2999999999999976,34,0.2594567835330963
26465,train,0,3,-0.2999999999999976,34,0.2577427625656128
29179,train,2,0,-0.2999999999999976,34,0.25064000487327576
29179,train,2,1,-0.2999999999999976,34,0.25035253167152405
29179,train,2,2,-0.2999999999999976,34,0.25097915530204773
29179,train,2,3,-0.2999999999999976,34,0.24802827835083008
22797,train,3,0,-0.2999999999999976,34,0.2498016357421875
22797,train,3,1,-0.2999999999999976,34,0.2888537645339966
22797,train,3,2,-0.2999999999999976,34,0.16401098668575287
22797,train,3,3,-0.2999999999999976,34,0.29733359813690186
29183,evaluation,1,0,-0.3999999999999977,35,0.2503560781478882
29183,evaluation,1,1,-0.3999999999999977,35,0.2504633665084839
29183,evaluation,1,2,-0.3999999999999977,35,0.24933674931526184
29183,evaluation,1,3,-0.3999999999999977,35,0.24984382092952728
20027,train,0,0,-0.3999999999999977,35,0.25287720561027527
20027,train,0,1,-0.3999999999999977,35,0.25081029534339905
20027,train,0,2,-0.3999999999999977,35,0.24757257103919983
20027,train,0,3,-0.3999999999999977,35,0.24873989820480347
26465,train,0,0,-0.3999999999999977,35,0.2603694200515747
26465,train,0,1,-0.3999999999999977,35,0.22271397709846497
26465,train,0,2,-0.3999999999999977,35,0.2593792676925659
26465,train,0,3,-0.3999999999999977,35,0.2575373351573944
29179,train,2,0,-0.3999999999999977,35,0.2506429851055145
29179,train,2,1,-0.3999999999999977,35,0.2503775954246521
29179,train,2,2,-0.3999999999999977,35,0.25103476643562317
29179,train,2,3,-0.3999999999999977,35,0.24794459342956543
22797,train,3,0,-0.3999999999999977,35,0.250031977891922
22797,train,3,1,-0.3999999999999977,35,0.2890271544456482
22797,train,3,2,-0.3999999999999977,35,0.16437481343746185
22797,train,3,3,-0.3999999999999977,35,0.29656609892845154
29183,evaluation,1,0,-0.4999999999999978,36,0.2503865361213684
29183,evaluation,1,1,-0.4999999999999978,36,0.2504696547985077
29183,evaluation,1,2,-0.4999999999999978,36,0.2493388056755066
29183,evaluation,1,3,-0.4999999999999978,36,0.2498050332069397
20027,train,0,0,-0.4999999999999978,36,0.2524135708808899
20027,train,0,1,-0.4999999999999978,36,0.25096726417541504
20027,train,0,2,-0.4999999999999978,36,0.24786287546157837
20027,train,0,3,-0.4999999999999978,36,0.2487562894821167
26465,train,0,0,-0.4999999999999978,36,0.26054006814956665
26465,train,0,1,-0.4999999999999978,36,0.2226777970790863
26465,train,0,2,-0.4999999999999978,36,0.25936153531074524
26465,train,0,3,-0.4999999999999978,36,0.2574205994606018
29179,train,2,0,-0.4999999999999978,36,0.25070908665657043
29179,train,2,1,-0.4999999999999978,36,0.2503860890865326
29179,train,2,2,-0.4999999999999978,36,0.25105249881744385
29179,train,2,3,-0.4999999999999978,36,0.24785229563713074
22797,train,3,0,-0.4999999999999978,36,0.2533785402774811
22797,train,3,1,-0.4999999999999978,36,0.2879813015460968
22797,train,3,2,-0.4999999999999978,36,0.1641986221075058
22797,train,3,3,-0.4999999999999978,36,0.2944415509700775
29183,evaluation,1,0,-0.5999999999999979,37,0.2503989040851593
29183,evaluation,1,1,-0.5999999999999979,37,0.25045910477638245
29183,evaluation,1,2,-0.5999999999999979,37,0.24930888414382935
29183,evaluation,1,3,-0.5999999999999979,37,0.2498330920934677
20027,train,0,0,-0.5999999999999979,37,0.2518868148326874
20027,train,0,1,-0.5999999999999979,37,0.25116264820098877
20027,train,0,2,-0.5999999999999979,37,0.24819199740886688
20027,train,0,3,-0.5999999999999979,37,0.24875853955745697
26465,train,0,0,-0.5999999999999979,37,0.26070737838745117
26465,train,0,1,-0.5999999999999979,37,0.2227569818496704
26465,train,0,2,-0.5999999999999979,37,0.2593068778514862
26465,train,0,3,-0.5999999999999979,37,0.2572287321090698
29179,train,2,0,-0.5999999999999979,37,0.25071901082992554
29179,train,2,1,-0.5999999999999979,37,0.25036221742630005
29179,train,2,2,-0.5999999999999979,37,0.2510867714881897
29179,train,2,3,-0.5999999999999979,37,0.24783197045326233
22797,train,3,0,-0.5999999999999979,37,0.25038930773735046
22797,train,3,1,-0.5999999999999979,37,0.2887510359287262
22797,train,3,2,-0.5999999999999979,37,0.16607321798801422
22797,train,3,3,-0.5999999999999979,37,0.2947864532470703
29183,evaluation,1,0,-0.699999999999998,38,0.25036802887916565
29183,evaluation,1,1,-0.699999999999998,38,0.2504749000072479
29183,evaluation,1,2,-0.699999999999998,38,0.24930670857429504
29183,evaluation,1,3,-0.699999999999998,38,0.24985037744045258
20027,train,0,0,-0.699999999999998,38,0.2514280676841736
20027,train,0,1,-0.699999999999998,38,0.25133007764816284
20027,train,0,2,-0.699999999999998,38,0.248496875166893
20027,train,0,3,-0.699999999999998,38,0.24874500930309296
26465,train,0,0,-0.699999999999998,38,0.26084399223327637
26465,train,0,1,-0.699999999999998,38,0.2228013575077057
26465,train,0,2,-0.699999999999998,38,0.2592235207557678
26465,train,0,3,-0.699999999999998,38,0.2571311593055725
29179,train,2,0,-0.699999999999998,38,0.2507728338241577
29179,train,2,1,-0.699999999999998,38,0.25037187337875366
29179,train,2,2,-0.699999999999998,38,0.2511003017425537
29179,train,2,3,-0.699999999999998,38,0.2477550208568573
22797,train,3,0,-0.699999999999998,38,0.2568354904651642
22797,train,3,1,-0.699999999999998,38,0.28679895401000977
22797,train,3,2,-0.699999999999998,38,0.16471263766288757
22797,train,3,3,-0.699999999999998,38,0.2916529178619385
29183,evaluation,1,0,-0.799999999999998,39,0.25037121772766113
29183,evaluation,1,1,-0.799999999999998,39,0.250474214553833
29183,evaluation,1,2,-0.799999999999998,39,0.2493211328983307
29183,evaluation,1,3,-0.799999999999998,39,0.24983341991901398
20027,train,0,0,-0.799999999999998,39,0.25100812315940857
20027,train,0,1,-0.799999999999998,39,0.25152450799942017
20027,train,0,2,-0.799999999999998,39,0.24876976013183594
20027,train,0,3,-0.799999999999998,39,0.24869759380817413
26465,train,0,0,-0.799999999999998,39,0.26111212372779846
26465,train,0,1,-0.799999999999998,39,0.2227197289466858
26465,train,0,2,-0.799999999999998,39,0.2591593265533447
26465,train,0,3,-0.799999999999998,39,0.257008820772171
29179,train,2,0,-0.799999999999998,39,0.25076210498809814
29179,train,2,1,-0.799999999999998,39,0.250386506319046
29179,train,2,2,-0.799999999999998,39,0.2511856257915497
29179,train,2,3,-0.799999999999998,39,0.24766577780246735
22797,train,3,0,-0.799999999999998,39,0.25002408027648926
22797,train,3,1,-0.799999999999998,39,0.28789055347442627
22797,train,3,2,-0.799999999999998,39,0.16926397383213043
22797,train,3,3,-0.799999999999998,39,0.29282137751579285
29183,evaluation,1,0,-0.8999999999999981,40,0.2503902018070221
29183,evaluation,1,1,-0.8999999999999981,40,0.25047293305397034
29183,evaluation,1,2,-0.8999999999999981,40,0.24931584298610687
29183,evaluation,1,3,-0.8999999999999981,40,0.2498210370540619
20027,train,0,0,-0.8999999999999981,40,0.2505791187286377
20027,train,0,1,-0.8999999999999981,40,0.2516915798187256
20027,train,0,2,-0.8999999999999981,40,0.24901480972766876
20027,train,0,3,-0.8999999999999981,40,0.24871452152729034
26465,train,0,0,-0.8999999999999981,40,0.26138848066329956
26465,train,0,1,-0.8999999999999981,40,0.22251878678798676
26465,train,0,2,-0.8999999999999981,40,0.2590932548046112
26465,train,0,3,-0.8999999999999981,40,0.25699952244758606
29179,train,2,0,-0.8999999999999981,40,0.2508223056793213
29179,train,2,1,-0.8999999999999981,40,0.2503888010978699
29179,train,2,2,-0.8999999999999981,40,0.25119712948799133
29179,train,2,3,-0.8999999999999981,40,0.2475917637348175
22797,train,3,0,-0.8999999999999981,40,0.258083701133728
22797,train,3,1,-0.8999999999999981,40,0.28591248393058777
22797,train,3,2,-0.8999999999999981,40,0.16626206040382385
22797,train,3,3,-0.8999999999999981,40,0.28974178433418274
29183,evaluation,1,0,-0.9999999999999982,41,0.2503873407840729
29183,evaluation,1,1,-0.9999999999999982,41,0.2504885494709015
29183,evaluation,1,2,-0.9999999999999982,41,0.24929550290107727
29183,evaluation,1,3,-0.9999999999999982,41,0.24982859194278717
20027,train,0,0,-0.9999999999999982,41,0.2500540316104889
20027,train,0,1,-0.9999999999999982,41,0.25191769003868103
20027,train,0,2,-0.9999999999999982,41,0.24934697151184082
20027,train,0,3,-0.9999999999999982,41,0.24868132174015045
26465,train,0,0,-0.9999999999999982,41,0.261745423078537
26465,train,0,1,-0.9999999999999982,41,0.22220687568187714
26465,train,0,2,-0.9999999999999982,41,0.25907912850379944
26465,train,0,3,-0.9999999999999982,41,0.25696858763694763
29179,train,2,0,-0.9999999999999982,41,0.25086626410484314
29179,train,2,1,-0.9999999999999982,41,0.25037631392478943
29179,train,2,2,-0.9999999999999982,41,0.2512471675872803
29179,train,2,3,-0.9999999999999982,41,0.24751026928424835
22797,train,3,0,-0.9999999999999982,41,0.25125592947006226
22797,train,3,1,-0.9999999999999982,41,0.28652504086494446
22797,train,3,2,-0.9999999999999982,41,0.17195667326450348
22797,train,3,3,-0.9999999999999982,41,0.290262371301651
29183,evaluation,1,0,-1.0999999999999983,42,0.25039008259773254
29183,evaluation,1,1,-1.0999999999999983,42,0.25050801038742065
29183,evaluation,1,2,-1.0999999999999983,42,0.24929286539554596
29183,evaluation,1,3,-1.0999999999999983,42,0.24980901181697845
20027,train,0,0,-1.0999999999999983,42,0.2495775669813156
20027,train,0,1,-1.0999999999999983,42,0.2521374523639679
20027,train,0,2,-1.0999999999999983,42,0.24963805079460144
20027,train,0,3,-1.0999999999999983,42,0.24864692986011505
26465,train,0,0,-1.0999999999999983,42,0.26223674416542053
26465,train,0,1,-1.0999999999999983,42,0.22163885831832886
26465,train,0,2,-1.0999999999999983,42,0.25907135009765625
26465,train,0,3,-1.0999999999999983,42,0.257053017616272
29179,train,2,0,-1.0999999999999983,42,0.25092488527297974
29179,train,2,1,-1.0999999999999983,42,0.2504051923751831
29179,train,2,2,-1.0999999999999983,42,0.25128427147865295
29179,train,2,3,-1.0999999999999983,42,0.2473856657743454
22797,train,3,0,-1.0999999999999983,42,0.257337749004364
22797,train,3,1,-1.0999999999999983,42,0.2852495014667511
22797,train,3,2,-1.0999999999999983,42,0.16908128559589386
22797,train,3,3,-1.0999999999999983,42,0.28833141922950745
29183,evaluation,1,0,-1.1999999999999984,43,0.2503918409347534
29183,evaluation,1,1,-1.1999999999999984,43,0.2505229413509369
29183,evaluation,1,2,-1.1999999999999984,43,0.24925871193408966
29183,evaluation,1,3,-1.1999999999999984,43,0.24982649087905884
20027,train,0,0,-1.1999999999999984,43,0.24907249212265015
20027,train,0,1,-1.1999999999999984,43,0.25239574909210205
20027,train,0,2,-1.1999999999999984,43,0.24992649257183075
20027,train,0,3,-1.1999999999999984,43,0.24860528111457825
26465,train,0,0,-1.1999999999999984,43,0.26284080743789673
26465,train,0,1,-1.1999999999999984,43,0.2208094596862793
26465,train,0,2,-1.1999999999999984,43,0.25915589928627014
26465,train,0,3,-1.1999999999999984,43,0.2571938633918762
29179,train,2,0,-1.1999999999999984,43,0.2509995698928833
29179,train,2,1,-1.1999999999999984,43,0.25038912892341614
29179,train,2,2,-1.1999999999999984,43,0.2513349950313568
29179,train,2,3,-1.1999999999999984,43,0.24727632105350494
22797,train,3,0,-1.1999999999999984,43,0.2518528997898102
22797,train,3,1,-1.1999999999999984,43,0.28501641750335693
22797,train,3,2,-1.1999999999999984,43,0.17495188117027283
22797,train,3,3,-1.1999999999999984,43,0.28817880153656006
29183,evaluation,1,0,-1.2999999999999985,44,0.25041308999061584
29183,evaluation,1,1,-1.2999999999999985,44,0.2505383789539337
29183,evaluation,1,2,-1.2999999999999985,44,0.24928398430347443
29183,evaluation,1,3,-1.2999999999999985,44,0.2497645765542984
20027,train,0,0,-1.2999999999999985,44,0.24849927425384521
20027,train,0,1,-1.2999999999999985,44,0.25265195965766907
20027,train,0,2,-1.2999999999999985,44,0.25029435753822327
20027,train,0,3,-1.2999999999999985,44,0.24855442345142365
26465,train,0,0,-1.2999999999999985,44,0.2636277377605438
26465,train,0,1,-1.2999999999999985,44,0.2195630520582199
26465,train,0,2,-1.2999999999999985,44,0.25937923789024353
26465,train,0,3,-1.2999999999999985,44,0.25742998719215393
29179,train,2,0,-1.2999999999999985,44,0.2510586678981781
29179,train,2,1,-1.2999999999999985,44,0.2504015862941742
29179,train,2,2,-1.2999999999999985,44,0.25143003463745117
29179,train,2,3,-1.2999999999999985,44,0.24710971117019653
22797,train,3,0,-1.2999999999999985,44,0.2550060749053955
22797,train,3,1,-1.2999999999999985,44,0.2843725383281708
22797,train,3,2,-1.2999999999999985,44,0.17353788018226624
22797,train,3,3,-1.2999999999999985,44,0.2870834767818451
29183,evaluation,1,0,-1.3999999999999986,45,0.2504638135433197
29183,evaluation,1,1,-1.3999999999999986,45,0.25049102306365967
29183,evaluation,1,2,-1.3999999999999986,45,0.2492663562297821
29183,evaluation,1,3,-1.3999999999999986,45,0.24977880716323853
20027,train,0,0,-1.3999999999999986,45,0.24797199666500092
20027,train,0,1,-1.3999999999999986,45,0.25289496779441833
20027,train,0,2,-1.3999999999999986,45,0.2505849003791809
20027,train,0,3,-1.3999999999999986,45,0.24854812026023865
26465,train,0,0,-1.3999999999999986,45,0.2645300328731537
26465,train,0,1,-1.3999999999999986,45,0.21800580620765686
26465,train,0,2,-1.3999999999999986,45,0.2596118748188019
26465,train,0,3,-1.3999999999999986,45,0.2578522264957428
29179,train,2,0,-1.3999999999999986,45,0.25114014744758606
29179,train,2,1,-1.3999999999999986,45,0.25043678283691406
29179,train,2,2,-1.3999999999999986,45,0.25151360034942627
29179,train,2,3,-1.3999999999999986,45,0.24690943956375122
22797,train,3,0,-1.3999999999999986,45,0.2506658732891083
22797,train,3,1,-1.3999999999999986,45,0.28370022773742676
22797,train,3,2,-1.3999999999999986,45,0.1791372150182724
22797,train,3,3,-1.3999999999999986,45,0.28649669885635376
29183,evaluation,1,0,-1.4999999999999987,46,0.25043296813964844
29183,evaluation,1,1,-1.4999999999999987,46,0.2505294382572174
29183,evaluation,1,2,-1.4999999999999987,46,0.2492227405309677
29183,evaluation,1,3,-1.4999999999999987,46,0.24981482326984406
20027,train,0,0,-1.4999999999999987,46,0.24737052619457245
20027,train,0,1,-1.4999999999999987,46,0.25321948528289795
20027,train,0,2,-1.4999999999999987,46,0.2509160339832306
20027,train,0,3,-1.4999999999999987,46,0.2484939694404602
26465,train,0,0,-1.4999999999999987,46,0.2657136619091034
26465,train,0,1,-1.4999999999999987,46,0.21594251692295074
26465,train,0,2,-1.4999999999999987,46,0.26004862785339355
26465,train,0,3,-1.4999999999999987,46,0.2582952082157135
29179,train,2,0,-1.4999999999999987,46,0.2512495517730713
29179,train,2,1,-1.4999999999999987,46,0.2504366934299469
29179,train,2,2,-1.4999999999999987,46,0.25164034962654114
29179,train,2,3,-1.4999999999999987,46,0.24667339026927948
22797,train,3,0,-1.4999999999999987,46,0.2516981363296509
22797,train,3,1,-1.4999999999999987,46,0.2830713987350464
22797,train,3,2,-1.4999999999999987,46,0.17943209409713745
22797,train,3,3,-1.4999999999999987,46,0.2857983708381653
29183,evaluation,1,0,-1.5999999999999988,47,0.25045618414878845
29183,evaluation,1,1,-1.5999999999999988,47,0.25050973892211914
29183,evaluation,1,2,-1.5999999999999988,47,0.24924789369106293
29183,evaluation,1,3,-1.5999999999999988,47,0.2497861683368683
20027,train,0,0,-1.5999999999999988,47,0.24676986038684845
20027,train,0,1,-1.5999999999999988,47,0.2535196840763092
20027,train,0,2,-1.5999999999999988,47,0.2512754797935486
20027,train,0,3,-1.5999999999999988,47,0.24843493103981018
26465,train,0,0,-1.5999999999999988,47,0.2671468257904053
26465,train,0,1,-1.5999999999999988,47,0.2133755087852478
26465,train,0,2,-1.5999999999999988,47,0.260557621717453
26465,train,0,3,-1.5999999999999988,47,0.2589200735092163
29179,train,2,0,-1.5999999999999988,47,0.25135791301727295
29179,train,2,1,-1.5999999999999988,47,0.2504741847515106
29179,train,2,2,-1.5999999999999988,47,0.25177326798439026
29179,train,2,3,-1.5999999999999988,47,0.24639463424682617
22797,train,3,0,-1.5999999999999988,47,0.2482079714536667
22797,train,3,1,-1.5999999999999988,47,0.2820216119289398
22797,train,3,2,-1.5999999999999988,47,0.18472839891910553
22797,train,3,3,-1.5999999999999988,47,0.28504207730293274
29183,evaluation,1,0,-1.6999999999999988,48,0.2504695653915405
29183,evaluation,1,1,-1.6999999999999988,48,0.2505325376987457
29183,evaluation,1,2,-1.6999999999999988,48,0.249221533536911
29183,evaluation,1,3,-1.6999999999999988,48,0.24977636337280273
20027,train,0,0,-1.6999999999999988,48,0.24611929059028625
20027,train,0,1,-1.6999999999999988,48,0.25385862588882446
20027,train,0,2,-1.6999999999999988,48,0.2516806125640869
20027,train,0,3,-1.6999999999999988,48,0.24834151566028595
26465,train,0,0,-1.6999999999999988,48,0.2687934637069702
26465,train,0,1,-1.6999999999999988,48,0.21025803685188293
26465,train,0,2,-1.6999999999999988,48,0.2612378001213074
26465,train,0,3,-1.6999999999999988,48,0.2597106695175171
29179,train,2,0,-1.6999999999999988,48,0.2515266537666321
29179,train,2,1,-1.6999999999999988,48,0.2504843473434448
29179,train,2,2,-1.6999999999999988,48,0.2519967555999756
29179,train,2,3,-1.6999999999999988,48,0.2459922730922699
22797,train,3,0,-1.6999999999999988,48,0.2479064017534256
22797,train,3,1,-1.6999999999999988,48,0.28101399540901184
22797,train,3,2,-1.6999999999999988,48,0.18670383095741272
22797,train,3,3,-1.6999999999999988,48,0.28437578678131104
29183,evaluation,1,0,-1.799999999999999,49,0.25048646330833435
29183,evaluation,1,1,-1.799999999999999,49,0.2505354583263397
29183,evaluation,1,2,-1.799999999999999,49,0.2492012232542038
29183,evaluation,1,3,-1.799999999999999,49,0.24977684020996094
20027,train,0,0,-1.799999999999999,49,0.24541832506656647
20027,train,0,1,-1.799999999999999,49,0.2542606294155121
20027,train,0,2,-1.799999999999999,49,0.2521118223667145
20027,train,0,3,-1.799999999999999,49,0.24820923805236816
26465,train,0,0,-1.799999999999999,49,0.27065691351890564
26465,train,0,1,-1.799999999999999,49,0.20691946148872375
26465,train,0,2,-1.799999999999999,49,0.2619359791278839
26465,train,0,3,-1.799999999999999,49,0.2604876458644867
29179,train,2,0,-1.799999999999999,49,0.251668244600296
29179,train,2,1,-1.799999999999999,49,0.25057241320610046
29179,train,2,2,-1.799999999999999,49,0.25229477882385254
29179,train,2,3,-1.799999999999999,49,0.24546454846858978
22797,train,3,0,-1.799999999999999,49,0.24578975141048431
22797,train,3,1,-1.799999999999999,49,0.2792986035346985
22797,train,3,2,-1.799999999999999,49,0.1916099339723587
22797,train,3,3,-1.799999999999999,49,0.2833017110824585
29183,evaluation,1,0,-1.899999999999999,50,0.25051170587539673
29183,evaluation,1,1,-1.899999999999999,50,0.2505616843700409
29183,evaluation,1,2,-1.899999999999999,50,0.24910449981689453
29183,evaluation,1,3,-1.899999999999999,50,0.24982212483882904
20027,train,0,0,-1.899999999999999,50,0.2446412295103073
20027,train,0,1,-1.899999999999999,50,0.25466716289520264
20027,train,0,2,-1.899999999999999,50,0.2525991201400757
20027,train,0,3,-1.899999999999999,50,0.24809247255325317
26465,train,0,0,-1.899999999999999,50,0.27273255586624146
26465,train,0,1,-1.899999999999999,50,0.20362979173660278
26465,train,0,2,-1.899999999999999,50,0.26248452067375183
26465,train,0,3,-1.899999999999999,50,0.26115310192108154
29179,train,2,0,-1.899999999999999,50,0.2518772780895233
29179,train,2,1,-1.899999999999999,50,0.2506822347640991
29179,train,2,2,-1.899999999999999,50,0.25266751646995544
29179,train,2,3,-1.899999999999999,50,0.2447729855775833
22797,train,3,0,-1.899999999999999,50,0.24589712917804718
22797,train,3,1,-1.899999999999999,50,0.2775205969810486
22797,train,3,2,-1.899999999999999,50,0.19475486874580383
22797,train,3,3,-1.899999999999999,50,0.2818273603916168
29183,evaluation,1,0,-1.9999999999999991,51,0.2505818009376526
29183,evaluation,1,1,-1.9999999999999991,51,0.25055190920829773
29183,evaluation,1,2,-1.9999999999999991,51,0.2490382343530655
29183,evaluation,1,3,-1.9999999999999991,51,0.2498280555009842
20027,train,0,0,-1.9999999999999991,51,0.24378471076488495
20027,train,0,1,-1.9999999999999991,51,0.2551252245903015
20027,train,0,2,-1.9999999999999991,51,0.2531777322292328
20027,train,0,3,-1.9999999999999991,51,0.24791230261325836
26465,train,0,0,-1.9999999999999991,51,0.274954617023468
26465,train,0,1,-1.9999999999999991,51,0.20072558522224426
26465,train,0,2,-1.9999999999999991,51,0.2627951204776764
26465,train,0,3,-1.9999999999999991,51,0.26152467727661133
29179,train,2,0,-1.9999999999999991,51,0.2521117627620697
29179,train,2,1,-1.9999999999999991,51,0.25078538060188293
29179,train,2,2,-1.9999999999999991,51,0.25294172763824463
29179,train,2,3,-1.9999999999999991,51,0.24416115880012512
22797,train,3,0,-1.9999999999999991,51,0.24572685360908508
22797,train,3,1,-1.9999999999999991,51,0.27509021759033203
22797,train,3,2,-1.9999999999999991,51,0.1993895322084427
22797,train,3,3,-1.9999999999999991,51,0.2797934412956238
29183,evaluation,1,0,-2.099999999999999,52,0.2506110966205597
29183,evaluation,1,1,-2.099999999999999,52,0.25048863887786865
29183,evaluation,1,2,-2.099999999999999,52,0.24904382228851318
29183,evaluation,1,3,-2.099999999999999,52,0.24985645711421967
20027,train,0,0,-2.099999999999999,52,0.2428286373615265
20027,train,0,1,-2.099999999999999,52,0.25552624464035034
20027,train,0,2,-2.099999999999999,52,0.2538936734199524
20027,train,0,3,-2.099999999999999,52,0.24775145947933197
26465,train,0,0,-2.099999999999999,52,0.27748754620552063
26465,train,0,1,-2.099999999999999,52,0.19802714884281158
26465,train,0,2,-2.099999999999999,52,0.26285383105278015
26465,train,0,3,-2.099999999999999,52,0.26163148880004883
29179,train,2,0,-2.099999999999999,52,0.2523226737976074
29179,train,2,1,-2.099999999999999,52,0.25085434317588806
29179,train,2,2,-2.099999999999999,52,0.2530776560306549
29179,train,2,3,-2.099999999999999,52,0.2437453716993332
22797,train,3,0,-2.099999999999999,52,0.24697710573673248
22797,train,3,1,-2.099999999999999,52,0.2727322280406952
22797,train,3,2,-2.099999999999999,52,0.2027621865272522
22797,train,3,3,-2.099999999999999,52,0.2775285243988037
29183,evaluation,1,0,-2.1999999999999993,53,0.2506590187549591
29183,evaluation,1,1,-2.1999999999999993,53,0.25044628977775574
29183,evaluation,1,2,-2.1999999999999993,53,0.2489526867866516
29183,evaluation,1,3,-2.1999999999999993,53,0.24994195997714996
20027,train,0,0,-2.1999999999999993,53,0.2418157011270523
20027,train,0,1,-2.1999999999999993,53,0.2558845579624176
20027,train,0,2,-2.1999999999999993,53,0.2548040449619293
20027,train,0,3,-2.1999999999999993,53,0.24749571084976196
26465,train,0,0,-2.1999999999999993,53,0.2805529236793518
26465,train,0,1,-2.1999999999999993,53,0.19466125965118408
26465,train,0,2,-2.1999999999999993,53,0.26298975944519043
26465,train,0,3,-2.1999999999999993,53,0.2617960274219513
29179,train,2,0,-2.1999999999999993,53,0.25249311327934265
29179,train,2,1,-2.1999999999999993,53,0.2509867250919342
29179,train,2,2,-2.1999999999999993,53,0.2532655894756317
29179,train,2,3,-2.1999999999999993,53,0.24325455725193024
22797,train,3,0,-2.1999999999999993,53,0.24770019948482513
22797,train,3,1,-2.1999999999999993,53,0.27012908458709717
22797,train,3,2,-2.1999999999999993,53,0.20707476139068604
22797,train,3,3,-2.1999999999999993,53,0.2750959098339081
29183,evaluation,1,0,-2.2999999999999994,54,0.250728577375412
29183,evaluation,1,1,-2.2999999999999994,54,0.25041714310646057
29183,evaluation,1,2,-2.2999999999999994,54,0.24885576963424683
29183,evaluation,1,3,-2.2999999999999994,54,0.24999850988388062
20027,train,0,0,-2.2999999999999994,54,0.2406323403120041
20027,train,0,1,-2.2999999999999994,54,0.25625118613243103
20027,train,0,2,-2.2999999999999994,54,0.25589415431022644
20027,train,0,3,-2.2999999999999994,54,0.24722234904766083
26465,train,0,0,-2.2999999999999994,54,0.28424304723739624
26465,train,0,1,-2.2999999999999994,54,0.1906483918428421
26465,train,0,2,-2.2999999999999994,54,0.2631761431694031
26465,train,0,3,-2.2999999999999994,54,0.2619324326515198
29179,train,2,0,-2.2999999999999994,54,0.25270864367485046
29179,train,2,1,-2.2999999999999994,54,0.2511029541492462
29179,train,2,2,-2.2999999999999994,54,0.2534570097923279
29179,train,2,3,-2.2999999999999994,54,0.24273139238357544
22797,train,3,0,-2.2999999999999994,54,0.24927377700805664
22797,train,3,1,-2.2999999999999994,54,0.2671768367290497
22797,train,3,2,-2.2999999999999994,54,0.21084102988243103
22797,train,3,3,-2.2999999999999994,54,0.27270832657814026
29183,evaluation,1,0,-2.3999999999999995,55,0.25081679224967957
29183,evaluation,1,1,-2.3999999999999995,55,0.25036928057670593
29183,evaluation,1,2,-2.3999999999999995,55,0.24883584678173065
29183,evaluation,1,3,-2.3999999999999995,55,0.24997809529304504
20027,train,0,0,-2.3999999999999995,55,0.23937414586544037
20027,train,0,1,-2.3999999999999995,55,0.256685346364975
20027,train,0,2,-2.3999999999999995,55,0.25713518261909485
20027,train,0,3,-2.3999999999999995,55,0.246805340051651
26465,train,0,0,-2.3999999999999995,55,0.28807759284973145
26465,train,0,1,-2.3999999999999995,55,0.18671004474163055
26465,train,0,2,-2.3999999999999995,55,0.263218492269516
26465,train,0,3,-2.3999999999999995,55,0.2619938552379608
29179,train,2,0,-2.3999999999999995,55,0.2528829872608185
29179,train,2,1,-2.3999999999999995,55,0.2512243092060089
29179,train,2,2,-2.3999999999999995,55,0.2536609172821045
29179,train,2,3,-2.3999999999999995,55,0.24223178625106812
22797,train,3,0,-2.3999999999999995,55,0.2508319616317749
22797,train,3,1,-2.3999999999999995,55,0.2643027603626251
22797,train,3,2,-2.3999999999999995,55,0.21484360098838806
22797,train,3,3,-2.3999999999999995,55,0.2700216770172119
29183,evaluation,1,0,-2.4999999999999996,56,0.2509005069732666
29183,evaluation,1,1,-2.4999999999999996,56,0.2502753436565399
29183,evaluation,1,2,-2.4999999999999996,56,0.24874252080917358
29183,evaluation,1,3,-2.4999999999999996,56,0.2500816583633423
20027,train,0,0,-2.4999999999999996,56,0.23797667026519775
20027,train,0,1,-2.4999999999999996,56,0.2571088671684265
20027,train,0,2,-2.4999999999999996,56,0.25852566957473755
20027,train,0,3,-2.4999999999999996,56,0.24638880789279938
26465,train,0,0,-2.4999999999999996,56,0.2921106815338135
26465,train,0,1,-2.4999999999999996,56,0.18403705954551697
26465,train,0,2,-2.4999999999999996,56,0.26261353492736816
26465,train,0,3,-2.4999999999999996,56,0.261238694190979
29179,train,2,0,-2.4999999999999996,56,0.2531428337097168
29179,train,2,1,-2.4999999999999996,56,0.25132447481155396
29179,train,2,2,-2.4999999999999996,56,0.25369057059288025
29179,train,2,3,-2.4999999999999996,56,0.241842120885849
22797,train,3,0,-2.4999999999999996,56,0.2531414330005646
22797,train,3,1,-2.4999999999999996,56,0.2614770233631134
22797,train,3,2,-2.4999999999999996,56,0.21826906502246857
22797,train,3,3,-2.4999999999999996,56,0.26711249351501465
29183,evaluation,1,0,-2.5999999999999996,57,0.2509259283542633
29183,evaluation,1,1,-2.5999999999999996,57,0.25025674700737
29183,evaluation,1,2,-2.5999999999999996,57,0.24870316684246063
29183,evaluation,1,3,-2.5999999999999996,57,0.2501141428947449
20027,train,0,0,-2.5999999999999996,57,0.23663009703159332
20027,train,0,1,-2.5999999999999996,57,0.2575382888317108
20027,train,0,2,-2.5999999999999996,57,0.25974610447883606
20027,train,0,3,-2.5999999999999996,57,0.2460855096578598
26465,train,0,0,-2.5999999999999996,57,0.29661375284194946
26465,train,0,1,-2.5999999999999996,57,0.18291696906089783
26465,train,0,2,-2.5999999999999996,57,0.26106178760528564
26465,train,0,3,-2.5999999999999996,57,0.2594074606895447
29179,train,2,0,-2.5999999999999996,57,0.2532723844051361
29179,train,2,1,-2.5999999999999996,57,0.25137656927108765
29179,train,2,2,-2.5999999999999996,57,0.2536497116088867
29179,train,2,3,-2.5999999999999996,57,0.24170130491256714
22797,train,3,0,-2.5999999999999996,57,0.2558777630329132
22797,train,3,1,-2.5999999999999996,57,0.2589736580848694
22797,train,3,2,-2.5999999999999996,57,0.22138485312461853
22797,train,3,3,-2.5999999999999996,57,0.26376375555992126
29183,evaluation,1,0,-2.6999999999999997,58,0.2509586215019226
29183,evaluation,1,1,-2.6999999999999997,58,0.25020232796669006
29183,evaluation,1,2,-2.6999999999999997,58,0.24866725504398346
29183,evaluation,1,3,-2.6999999999999997,58,0.25017184019088745
20027,train,0,0,-2.6999999999999997,58,0.2354309856891632
20027,train,0,1,-2.6999999999999997,58,0.25818338990211487
20027,train,0,2,-2.6999999999999997,58,0.26040709018707275
20027,train,0,3,-2.6999999999999997,58,0.24597856402397156
26465,train,0,0,-2.6999999999999997,58,0.3015215992927551
26465,train,0,1,-2.6999999999999997,58,0.18234822154045105
26465,train,0,2,-2.6999999999999997,58,0.25898730754852295
26465,train,0,3,-2.6999999999999997,58,0.25714290142059326
29179,train,2,0,-2.6999999999999997,58,0.25344860553741455
29179,train,2,1,-2.6999999999999997,58,0.2513836622238159
29179,train,2,2,-2.6999999999999997,58,0.2533710300922394
29179,train,2,3,-2.6999999999999997,58,0.24179673194885254
22797,train,3,0,-2.6999999999999997,58,0.25942039489746094
22797,train,3,1,-2.6999999999999997,58,0.25685936212539673
22797,train,3,2,-2.6999999999999997,58,0.22344526648521423
22797,train,3,3,-2.6999999999999997,58,0.2602750062942505
29183,evaluation,1,0,-2.8,59,0.2510139048099518
29183,evaluation,1,1,-2.8,59,0.250093549489975
29183,evaluation,1,2,-2.8,59,0.2486572116613388
29183,evaluation,1,3,-2.8,59,0.25023531913757324
20027,train,0,0,-2.8,59,0.23403587937355042
20027,train,0,1,-2.8,59,0.2586761713027954
20027,train,0,2,-2.8,59,0.2614491581916809
20027,train,0,3,-2.8,59,0.24583880603313446
26465,train,0,0,-2.8,59,0.3071560859680176
26465,train,0,1,-2.8,59,0.1812945008277893
26465,train,0,2,-2.8,59,0.2568761706352234
26465,train,0,3,-2.8,59,0.2546733021736145
29179,train,2,0,-2.8,59,0.25359898805618286
29179,train,2,1,-2.8,59,0.2512085735797882
29179,train,2,2,-2.8,59,0.2530239522457123
29179,train,2,3,-2.8,59,0.24216847121715546
22797,train,3,0,-2.8,59,0.2628692388534546
22797,train,3,1,-2.8,59,0.25393790006637573
22797,train,3,2,-2.8,59,0.22668763995170593
22797,train,3,3,-2.8,59,0.25650519132614136
29183,evaluation,1,0,-2.9,60,0.25103387236595154
29183,evaluation,1,1,-2.9,60,0.2500971853733063
29183,evaluation,1,2,-2.9,60,0.24862243235111237
29183,evaluation,1,3,-2.9,60,0.25024649500846863
20027,train,0,0,-2.9,60,0.23277698457241058
20027,train,0,1,-2.9,60,0.2592266798019409
20027,train,0,2,-2.9,60,0.26216691732406616
20027,train,0,3,-2.9,60,0.24582943320274353
26465,train,0,0,-2.9,60,0.31279486417770386
26465,train,0,1,-2.9,60,0.18055129051208496
26465,train,0,2,-2.9,60,0.25460147857666016
26465,train,0,3,-2.9,60,0.25205230712890625
29179,train,2,0,-2.9,60,0.25360414385795593
29179,train,2,1,-2.9,60,0.2509586811065674
29179,train,2,2,-2.9,60,0.2525249421596527
29179,train,2,3,-2.9,60,0.24291223287582397
22797,train,3,0,-2.9,60,0.26768258213996887
22797,train,3,1,-2.9,60,0.25155043601989746
22797,train,3,2,-2.9,60,0.2277681678533554
22797,train,3,3,-2.9,60,0.25299879908561707
29183,evaluation,1,0,-3.0,61,0.25107482075691223
29183,evaluation,1,1,-3.0,61,0.2500339448451996
29183,evaluation,1,2,-3.0,61,0.24860833585262299
29183,evaluation,1,3,-3.0,61,0.2502829432487488
20027,train,0,0,-3.0,61,0.23113049566745758
20027,train,0,1,-3.0,61,0.2598157823085785
20027,train,0,2,-3.0,61,0.26335573196411133
20027,train,0,3,-3.0,61,0.2456979900598526
26465,train,0,0,-3.0,61,0.3193241059780121
26465,train,0,1,-3.0,61,0.17856420576572418
26465,train,0,2,-3.0,61,0.2524777352809906
26465,train,0,3,-3.0,61,0.24963395297527313
29179,train,2,0,-3.0,61,0.2537249028682709
29179,train,2,1,-3.0,61,0.2506042420864105
29179,train,2,2,-3.0,61,0.2522832155227661
29179,train,2,3,-3.0,61,0.2433876097202301
22797,train,3,0,-3.0,61,0.27082204818725586
22797,train,3,1,-3.0,61,0.24739012122154236
22797,train,3,2,-3.0,61,0.23351748287677765
22797,train,3,3,-3.0,61,0.24827037751674652
